text,intent
hello jarvis,greeting
sup man,greeting
whats up buddy,greeting
hey how are you,greeting
yo what is goin on,greeting
hey buddy what is up,greeting
yo jarvis,greeting
whats up jarvis,greeting
what time is it right now,time
what hour is it at the moment,time
check the time,time
tell me the current time,time
tell me the exact time,time
whats the time right now,time
whats the time jarvis,time
could you tell me the current time,time
launch spotify for me,open_app
open browser,open_app
open inbox,open_app
open terminal,open_app
can you start the calculator,open_app
could you open vs code for me,open_app
launch camera,open_app
exit the terminal jarvis,open_app